onset	duration	sample	trial_type	response_time	stim_file	value
309.4320000000	n/a	154716	STATUS	n/a	n/a	1
402.7560000000	n/a	201378	STATUS	n/a	n/a	2
423.1080000000	n/a	211554	STATUS	n/a	n/a	1
445.4780000000	n/a	222739	STATUS	n/a	n/a	1
448.8900000000	n/a	224445	start of the trial	n/a	n/a	500
449.2600000000	n/a	224630	start of the baseline period: Manipulation with 5 letters (5M)	n/a	n/a	151
452.4000000000	n/a	226200	presentation of the task instruction	n/a	n/a	4
453.0700000000	n/a	226535	encoding: 5M	n/a	n/a	251
456.2100000000	n/a	228105	delay period: 5M	n/a	n/a	351
462.8700000000	n/a	231435	probe: 5M	n/a	n/a	51
467.5460000000	n/a	233773	Response: 5M: correct	n/a	n/a	4511
469.3400000000	n/a	234670	start of the trial	n/a	n/a	500
469.6800000000	n/a	234840	start of the baseline period: Manipulation with 5 letters (5M)	n/a	n/a	151
472.8500000000	n/a	236425	presentation of the task instruction	n/a	n/a	4
473.4800000000	n/a	236740	encoding: 5M	n/a	n/a	251
476.6600000000	n/a	238330	delay period: 5M	n/a	n/a	351
483.3000000000	n/a	241650	probe: 5M	n/a	n/a	51
487.5420000000	n/a	243771	Response: 5M: correct	n/a	n/a	4511
489.7400000000	n/a	244870	start of the trial	n/a	n/a	500
490.1100000000	n/a	245055	start of the baseline period: Manipulation with 5 letters (5M)	n/a	n/a	151
493.2500000000	n/a	246625	presentation of the task instruction	n/a	n/a	4
493.9200000000	n/a	246960	encoding: 5M	n/a	n/a	251
497.1300000000	n/a	248565	delay period: 5M	n/a	n/a	351
503.7200000000	n/a	251860	probe: 5M	n/a	n/a	51
504.8640000000	n/a	252432	Response: 5M: correct	n/a	n/a	4511
510.0600000000	n/a	255030	start of the trial	n/a	n/a	500
510.3900000000	n/a	255195	start of the baseline period: Manipulation with 5 letters (5M)	n/a	n/a	151
513.5600000000	n/a	256780	presentation of the task instruction	n/a	n/a	4
514.2000000000	n/a	257100	encoding: 5M	n/a	n/a	251
517.3700000000	n/a	258685	delay period: 5M	n/a	n/a	351
524.0100000000	n/a	262005	probe: 5M	n/a	n/a	51
528.0420000000	n/a	264021	Response: 5M: correct	n/a	n/a	4511
530.5900000000	n/a	265295	start of the trial	n/a	n/a	500
530.9600000000	n/a	265480	start of the baseline period: Manipulation with 5 letters (5M)	n/a	n/a	151
534.1000000000	n/a	267050	presentation of the task instruction	n/a	n/a	4
534.7600000000	n/a	267380	encoding: 5M	n/a	n/a	251
537.9000000000	n/a	268950	delay period: 5M	n/a	n/a	351
544.5800000000	n/a	272290	probe: 5M	n/a	n/a	51
548.6040000000	n/a	274302	Response: 5M: correct	n/a	n/a	4511
550.8900000000	n/a	275445	start of the trial	n/a	n/a	500
551.2200000000	n/a	275610	start of the baseline period: Manipulation with 5 letters (5M)	n/a	n/a	151
554.4000000000	n/a	277200	presentation of the task instruction	n/a	n/a	4
555.0300000000	n/a	277515	encoding: 5M	n/a	n/a	251
558.1900000000	n/a	279095	delay period: 5M	n/a	n/a	351
564.8600000000	n/a	282430	probe: 5M	n/a	n/a	51
568.1700000000	n/a	284085	Response: 5M: correct	n/a	n/a	4511
571.0100000000	n/a	285505	start of the trial	n/a	n/a	500
571.3400000000	n/a	285670	start of the baseline period: Manipulation with 5 letters (5M)	n/a	n/a	151
574.5100000000	n/a	287255	presentation of the task instruction	n/a	n/a	4
575.1500000000	n/a	287575	encoding: 5M	n/a	n/a	251
578.3200000000	n/a	289160	delay period: 5M	n/a	n/a	351
584.9600000000	n/a	292480	probe: 5M	n/a	n/a	51
588.6280000000	n/a	294314	Response: 5M: correct	n/a	n/a	4511
591.4700000000	n/a	295735	start of the trial	n/a	n/a	500
591.8100000000	n/a	295905	start of the baseline period: Manipulation with 5 letters (5M)	n/a	n/a	151
594.9800000000	n/a	297490	presentation of the task instruction	n/a	n/a	4
595.6100000000	n/a	297805	encoding: 5M	n/a	n/a	251
598.7800000000	n/a	299390	delay period: 5M	n/a	n/a	351
605.4300000000	n/a	302715	probe: 5M	n/a	n/a	51
606.7580000000	n/a	303379	Response: 5M: correct	n/a	n/a	4511
611.9400000000	n/a	305970	start of the trial	n/a	n/a	500
612.3100000000	n/a	306155	start of the baseline period: Manipulation with 5 letters (5M)	n/a	n/a	151
615.4400000000	n/a	307720	presentation of the task instruction	n/a	n/a	4
616.1100000000	n/a	308055	encoding: 5M	n/a	n/a	251
619.2500000000	n/a	309625	delay period: 5M	n/a	n/a	351
625.9300000000	n/a	312965	probe: 5M	n/a	n/a	51
630.2940000000	n/a	315147	Response: 5M: error	n/a	n/a	4510
632.1700000000	n/a	316085	start of the trial	n/a	n/a	500
632.5400000000	n/a	316270	start of the baseline period: Manipulation with 5 letters (5M)	n/a	n/a	151
635.6800000000	n/a	317840	presentation of the task instruction	n/a	n/a	4
636.3400000000	n/a	318170	encoding: 5M	n/a	n/a	251
639.4800000000	n/a	319740	delay period: 5M	n/a	n/a	351
646.1400000000	n/a	323070	probe: 5M	n/a	n/a	51
651.3540000000	n/a	325677	Response: 5M: correct	n/a	n/a	4511
652.6200000000	n/a	326310	start of the trial	n/a	n/a	500
652.9900000000	n/a	326495	start of the baseline period: Manipulation with 5 letters (5M)	n/a	n/a	151
656.1200000000	n/a	328060	presentation of the task instruction	n/a	n/a	4
656.7900000000	n/a	328395	encoding: 5M	n/a	n/a	251
659.9300000000	n/a	329965	delay period: 5M	n/a	n/a	351
666.6100000000	n/a	333305	probe: 5M	n/a	n/a	51
668.5840000000	n/a	334292	Response: 5M: correct	n/a	n/a	4511
672.9200000000	n/a	336460	start of the trial	n/a	n/a	500
673.2900000000	n/a	336645	start of the baseline period: Manipulation with 5 letters (5M)	n/a	n/a	151
676.4400000000	n/a	338220	presentation of the task instruction	n/a	n/a	4
677.0800000000	n/a	338540	encoding: 5M	n/a	n/a	251
680.2300000000	n/a	340115	delay period: 5M	n/a	n/a	351
686.9100000000	n/a	343455	probe: 5M	n/a	n/a	51
688.5600000000	n/a	344280	Response: 5M: correct	n/a	n/a	4511
693.3200000000	n/a	346660	start of the trial	n/a	n/a	500
693.6500000000	n/a	346825	start of the baseline period: Manipulation with 5 letters (5M)	n/a	n/a	151
696.8200000000	n/a	348410	presentation of the task instruction	n/a	n/a	4
697.4600000000	n/a	348730	encoding: 5M	n/a	n/a	251
700.6300000000	n/a	350315	delay period: 5M	n/a	n/a	351
707.2900000000	n/a	353645	probe: 5M	n/a	n/a	51
712.0940000000	n/a	356047	Response: 5M: correct	n/a	n/a	4511
713.5200000000	n/a	356760	start of the trial	n/a	n/a	500
713.8800000000	n/a	356940	start of the baseline period: Manipulation with 5 letters (5M)	n/a	n/a	151
717.0200000000	n/a	358510	presentation of the task instruction	n/a	n/a	4
717.6900000000	n/a	358845	encoding: 5M	n/a	n/a	251
720.8300000000	n/a	360415	delay period: 5M	n/a	n/a	351
727.5100000000	n/a	363755	probe: 5M	n/a	n/a	51
731.9980000000	n/a	365999	Response: 5M: correct	n/a	n/a	4511
733.9800000000	n/a	366990	start of the trial	n/a	n/a	500
734.3500000000	n/a	367175	start of the baseline period: Manipulation with 5 letters (5M)	n/a	n/a	151
737.5200000000	n/a	368760	presentation of the task instruction	n/a	n/a	4
738.1700000000	n/a	369085	encoding: 5M	n/a	n/a	251
741.3100000000	n/a	370655	delay period: 5M	n/a	n/a	351
747.9600000000	n/a	373980	probe: 5M	n/a	n/a	51
752.5920000000	n/a	376296	Response: 5M: error	n/a	n/a	4510
754.1000000000	n/a	377050	start of the trial	n/a	n/a	500
754.4300000000	n/a	377215	start of the baseline period: Manipulation with 5 letters (5M)	n/a	n/a	151
757.6000000000	n/a	378800	presentation of the task instruction	n/a	n/a	4
758.2400000000	n/a	379120	encoding: 5M	n/a	n/a	251
761.4100000000	n/a	380705	delay period: 5M	n/a	n/a	351
768.0700000000	n/a	384035	probe: 5M	n/a	n/a	51
770.0480000000	n/a	385024	Response: 5M: correct	n/a	n/a	4511
774.6700000000	n/a	387335	start of the trial	n/a	n/a	500
775.0200000000	n/a	387510	start of the baseline period: Manipulation with 5 letters (5M)	n/a	n/a	151
778.1900000000	n/a	389095	presentation of the task instruction	n/a	n/a	4
778.8200000000	n/a	389410	encoding: 5M	n/a	n/a	251
781.9900000000	n/a	390995	delay period: 5M	n/a	n/a	351
788.6500000000	n/a	394325	probe: 5M	n/a	n/a	51
790.5180000000	n/a	395259	Response: 5M: correct	n/a	n/a	4511
794.9000000000	n/a	397450	start of the trial	n/a	n/a	500
795.2600000000	n/a	397630	start of the baseline period: Manipulation with 5 letters (5M)	n/a	n/a	151
798.4000000000	n/a	399200	presentation of the task instruction	n/a	n/a	4
799.0500000000	n/a	399525	encoding: 5M	n/a	n/a	251
802.2300000000	n/a	401115	delay period: 5M	n/a	n/a	351
808.8700000000	n/a	404435	probe: 5M	n/a	n/a	51
811.7660000000	n/a	405883	Response: 5M: correct	n/a	n/a	4511
815.2800000000	n/a	407640	start of the trial	n/a	n/a	500
815.6100000000	n/a	407805	start of the baseline period: Manipulation with 5 letters (5M)	n/a	n/a	151
818.7900000000	n/a	409395	presentation of the task instruction	n/a	n/a	4
819.4200000000	n/a	409710	encoding: 5M	n/a	n/a	251
822.5900000000	n/a	411295	delay period: 5M	n/a	n/a	351
829.2400000000	n/a	414620	probe: 5M	n/a	n/a	51
830.2340000000	n/a	415117	Response: 5M: correct	n/a	n/a	4511
835.6100000000	n/a	417805	start of the trial	n/a	n/a	500
835.9500000000	n/a	417975	start of the baseline period: Manipulation with 5 letters (5M)	n/a	n/a	151
839.1200000000	n/a	419560	presentation of the task instruction	n/a	n/a	4
839.7500000000	n/a	419875	encoding: 5M	n/a	n/a	251
842.9200000000	n/a	421460	delay period: 5M	n/a	n/a	351
849.5700000000	n/a	424785	probe: 5M	n/a	n/a	51
852.5580000000	n/a	426279	Response: 5M: error	n/a	n/a	4510
853.9480000000	n/a	426974	Response: 5M: correct	n/a	n/a	4511
855.8400000000	n/a	427920	start of the trial	n/a	n/a	500
856.1800000000	n/a	428090	start of the baseline period: Retention of 5 letters (5R)	n/a	n/a	150
859.3300000000	n/a	429665	presentation of the task instruction	n/a	n/a	4
860.0000000000	n/a	430000	encoding: 5R	n/a	n/a	250
863.1400000000	n/a	431570	delay period: 5R	n/a	n/a	350
869.8200000000	n/a	434910	probe: 5R	n/a	n/a	50
872.7980000000	n/a	436399	Response: 5R: correct	n/a	n/a	4501
876.0300000000	n/a	438015	start of the trial	n/a	n/a	500
876.3600000000	n/a	438180	start of the baseline period: Retention of 5 letters (5R)	n/a	n/a	150
879.5300000000	n/a	439765	presentation of the task instruction	n/a	n/a	4
880.1700000000	n/a	440085	encoding: 5R	n/a	n/a	250
883.3400000000	n/a	441670	delay period: 5R	n/a	n/a	350
890.0000000000	n/a	445000	probe: 5R	n/a	n/a	50
891.7480000000	n/a	445874	Response: 5R: correct	n/a	n/a	4501
896.3300000000	n/a	448165	start of the trial	n/a	n/a	500
896.6600000000	n/a	448330	start of the baseline period: Retention of 5 letters (5R)	n/a	n/a	150
899.8300000000	n/a	449915	presentation of the task instruction	n/a	n/a	4
900.4700000000	n/a	450235	encoding: 5R	n/a	n/a	250
903.6400000000	n/a	451820	delay period: 5R	n/a	n/a	350
910.2800000000	n/a	455140	probe: 5R	n/a	n/a	50
912.2580000000	n/a	456129	Response: 5R: correct	n/a	n/a	4501
916.6200000000	n/a	458310	start of the trial	n/a	n/a	500
916.9600000000	n/a	458480	start of the baseline period: Retention of 5 letters (5R)	n/a	n/a	150
920.1100000000	n/a	460055	presentation of the task instruction	n/a	n/a	4
920.7800000000	n/a	460390	encoding: 5R	n/a	n/a	250
923.9200000000	n/a	461960	delay period: 5R	n/a	n/a	350
930.6000000000	n/a	465300	probe: 5R	n/a	n/a	50
932.9740000000	n/a	466487	Response: 5R: correct	n/a	n/a	4501
936.7100000000	n/a	468355	start of the trial	n/a	n/a	500
937.0700000000	n/a	468535	start of the baseline period: Retention of 5 letters (5R)	n/a	n/a	150
940.2100000000	n/a	470105	presentation of the task instruction	n/a	n/a	4
940.8800000000	n/a	470440	encoding: 5R	n/a	n/a	250
944.0200000000	n/a	472010	delay period: 5R	n/a	n/a	350
950.7000000000	n/a	475350	probe: 5R	n/a	n/a	50
953.7280000000	n/a	476864	Response: 5R: correct	n/a	n/a	4501
957.2100000000	n/a	478605	start of the trial	n/a	n/a	500
957.5700000000	n/a	478785	start of the baseline period: Retention of 5 letters (5R)	n/a	n/a	150
960.7100000000	n/a	480355	presentation of the task instruction	n/a	n/a	4
961.3800000000	n/a	480690	encoding: 5R	n/a	n/a	250
964.5200000000	n/a	482260	delay period: 5R	n/a	n/a	350
971.2000000000	n/a	485600	probe: 5R	n/a	n/a	50
973.1520000000	n/a	486576	Response: 5R: error	n/a	n/a	4500
977.5900000000	n/a	488795	start of the trial	n/a	n/a	500
977.9200000000	n/a	488960	start of the baseline period: Retention of 5 letters (5R)	n/a	n/a	150
981.1000000000	n/a	490550	presentation of the task instruction	n/a	n/a	4
981.7300000000	n/a	490865	encoding: 5R	n/a	n/a	250
984.9000000000	n/a	492450	delay period: 5R	n/a	n/a	350
991.5400000000	n/a	495770	probe: 5R	n/a	n/a	50
993.6640000000	n/a	496832	Response: 5R: correct	n/a	n/a	4501
998.0900000000	n/a	499045	start of the trial	n/a	n/a	500
998.4200000000	n/a	499210	start of the baseline period: Retention of 5 letters (5R)	n/a	n/a	150
1001.6000000000	n/a	500800	presentation of the task instruction	n/a	n/a	4
1002.2000000000	n/a	501100	encoding: 5R	n/a	n/a	250
1005.4000000000	n/a	502700	delay period: 5R	n/a	n/a	350
1012.0000000000	n/a	506000	probe: 5R	n/a	n/a	50
1014.4880000000	n/a	507244	Response: 5R: correct	n/a	n/a	4501
1018.2000000000	n/a	509100	start of the trial	n/a	n/a	500
1018.6000000000	n/a	509300	start of the baseline period: Retention of 5 letters (5R)	n/a	n/a	150
1021.7000000000	n/a	510850	presentation of the task instruction	n/a	n/a	4
1022.4000000000	n/a	511200	encoding: 5R	n/a	n/a	250
1025.5000000000	n/a	512750	delay period: 5R	n/a	n/a	350
1032.2000000000	n/a	516100	probe: 5R	n/a	n/a	50
1034.8940000000	n/a	517447	Response: 5R: correct	n/a	n/a	4501
1038.3000000000	n/a	519150	start of the trial	n/a	n/a	500
1038.7000000000	n/a	519350	start of the baseline period: Retention of 5 letters (5R)	n/a	n/a	150
1041.8000000000	n/a	520900	presentation of the task instruction	n/a	n/a	4
1042.5000000000	n/a	521250	encoding: 5R	n/a	n/a	250
1045.6000000000	n/a	522800	delay period: 5R	n/a	n/a	350
1052.3000000000	n/a	526150	probe: 5R	n/a	n/a	50
1055.4520000000	n/a	527726	Response: 5R: correct	n/a	n/a	4501
1058.5000000000	n/a	529250	start of the trial	n/a	n/a	500
1058.9000000000	n/a	529450	start of the baseline period: Retention of 5 letters (5R)	n/a	n/a	150
1062.0000000000	n/a	531000	presentation of the task instruction	n/a	n/a	4
1062.7000000000	n/a	531350	encoding: 5R	n/a	n/a	250
1065.9000000000	n/a	532950	delay period: 5R	n/a	n/a	350
1072.5000000000	n/a	536250	probe: 5R	n/a	n/a	50
1075.1660000000	n/a	537583	Response: 5R: correct	n/a	n/a	4501
1078.9000000000	n/a	539450	start of the trial	n/a	n/a	500
1079.3000000000	n/a	539650	start of the baseline period: Retention of 5 letters (5R)	n/a	n/a	150
1082.4000000000	n/a	541200	presentation of the task instruction	n/a	n/a	4
1083.1000000000	n/a	541550	encoding: 5R	n/a	n/a	250
1086.2000000000	n/a	543100	delay period: 5R	n/a	n/a	350
1092.9000000000	n/a	546450	probe: 5R	n/a	n/a	50
1094.6340000000	n/a	547317	Response: 5R: correct	n/a	n/a	4501
1099.1000000000	n/a	549550	start of the trial	n/a	n/a	500
1099.5000000000	n/a	549750	start of the baseline period: Retention of 5 letters (5R)	n/a	n/a	150
1102.6000000000	n/a	551300	presentation of the task instruction	n/a	n/a	4
1103.3000000000	n/a	551650	encoding: 5R	n/a	n/a	250
1106.4000000000	n/a	553200	delay period: 5R	n/a	n/a	350
1113.1000000000	n/a	556550	probe: 5R	n/a	n/a	50
1115.2920000000	n/a	557646	Response: 5R: correct	n/a	n/a	4501
1119.6000000000	n/a	559800	start of the trial	n/a	n/a	500
1119.9000000000	n/a	559950	start of the baseline period: Retention of 5 letters (5R)	n/a	n/a	150
1123.1000000000	n/a	561550	presentation of the task instruction	n/a	n/a	4
1123.7000000000	n/a	561850	encoding: 5R	n/a	n/a	250
1126.9000000000	n/a	563450	delay period: 5R	n/a	n/a	350
1133.5000000000	n/a	566750	probe: 5R	n/a	n/a	50
1135.1980000000	n/a	567599	Response: 5R: correct	n/a	n/a	4501
1140.2000000000	n/a	570100	start of the trial	n/a	n/a	500
1140.5000000000	n/a	570250	start of the baseline period: Retention of 5 letters (5R)	n/a	n/a	150
1143.6000000000	n/a	571800	presentation of the task instruction	n/a	n/a	4
1144.3000000000	n/a	572150	encoding: 5R	n/a	n/a	250
1147.4000000000	n/a	573700	delay period: 5R	n/a	n/a	350
1154.1000000000	n/a	577050	probe: 5R	n/a	n/a	50
1156.0000000000	n/a	578000	Response: 5R: correct	n/a	n/a	4501
1160.7000000000	n/a	580350	start of the trial	n/a	n/a	500
1161.1000000000	n/a	580550	start of the baseline period: Retention of 5 letters (5R)	n/a	n/a	150
1164.2000000000	n/a	582100	presentation of the task instruction	n/a	n/a	4
1164.9000000000	n/a	582450	encoding: 5R	n/a	n/a	250
1168.0000000000	n/a	584000	delay period: 5R	n/a	n/a	350
1174.7000000000	n/a	587350	probe: 5R	n/a	n/a	50
1175.6720000000	n/a	587836	Response: 5R: correct	n/a	n/a	4501
1180.8000000000	n/a	590400	start of the trial	n/a	n/a	500
1181.2000000000	n/a	590600	start of the baseline period: Retention of 5 letters (5R)	n/a	n/a	150
1184.3000000000	n/a	592150	presentation of the task instruction	n/a	n/a	4
1185.0000000000	n/a	592500	encoding: 5R	n/a	n/a	250
1188.1000000000	n/a	594050	delay period: 5R	n/a	n/a	350
1194.8000000000	n/a	597400	probe: 5R	n/a	n/a	50
1196.7660000000	n/a	598383	Response: 5R: correct	n/a	n/a	4501
1200.9000000000	n/a	600450	start of the trial	n/a	n/a	500
1201.3000000000	n/a	600650	start of the baseline period: Retention of 5 letters (5R)	n/a	n/a	150
1204.5000000000	n/a	602250	presentation of the task instruction	n/a	n/a	4
1205.1000000000	n/a	602550	encoding: 5R	n/a	n/a	250
1208.3000000000	n/a	604150	delay period: 5R	n/a	n/a	350
1214.9000000000	n/a	607450	probe: 5R	n/a	n/a	50
1217.1020000000	n/a	608551	Response: 5R: correct	n/a	n/a	4501
1221.1000000000	n/a	610550	start of the trial	n/a	n/a	500
1221.5000000000	n/a	610750	start of the baseline period: Retention of 5 letters (5R)	n/a	n/a	150
1224.6000000000	n/a	612300	presentation of the task instruction	n/a	n/a	4
1225.3000000000	n/a	612650	encoding: 5R	n/a	n/a	250
1228.4000000000	n/a	614200	delay period: 5R	n/a	n/a	350
1235.1000000000	n/a	617550	probe: 5R	n/a	n/a	50
1236.8800000000	n/a	618440	Response: 5R: correct	n/a	n/a	4501
1241.5000000000	n/a	620750	start of the trial	n/a	n/a	500
1241.8000000000	n/a	620900	start of the baseline period: Retention of 5 letters (5R)	n/a	n/a	150
1245.0000000000	n/a	622500	presentation of the task instruction	n/a	n/a	4
1245.7000000000	n/a	622850	encoding: 5R	n/a	n/a	250
1248.8000000000	n/a	624400	delay period: 5R	n/a	n/a	350
1255.5000000000	n/a	627750	probe: 5R	n/a	n/a	50
1257.1040000000	n/a	628552	Response: 5R: correct	n/a	n/a	4501
1261.8000000000	n/a	630900	start of the trial	n/a	n/a	500
1262.2000000000	n/a	631100	start of the baseline period: Retention of 7 letters (7R)	n/a	n/a	170
1265.3000000000	n/a	632650	presentation of the task instruction	n/a	n/a	4
1266.0000000000	n/a	633000	encoding: 7R	n/a	n/a	270
1269.1000000000	n/a	634550	delay period: 7R	n/a	n/a	370
1275.8000000000	n/a	637900	probe: 7R	n/a	n/a	70
1279.5100000000	n/a	639755	Response: 7R: correct	n/a	n/a	4701
1282.3000000000	n/a	641150	start of the trial	n/a	n/a	500
1282.7000000000	n/a	641350	start of the baseline period: Retention of 7 letters (7R)	n/a	n/a	170
1285.8000000000	n/a	642900	presentation of the task instruction	n/a	n/a	4
1286.5000000000	n/a	643250	encoding: 7R	n/a	n/a	270
1289.7000000000	n/a	644850	delay period: 7R	n/a	n/a	370
1296.3000000000	n/a	648150	probe: 7R	n/a	n/a	70
1298.6640000000	n/a	649332	Response: 7R: correct	n/a	n/a	4701
1302.7000000000	n/a	651350	start of the trial	n/a	n/a	500
1303.0000000000	n/a	651500	start of the baseline period: Retention of 7 letters (7R)	n/a	n/a	170
1306.2000000000	n/a	653100	presentation of the task instruction	n/a	n/a	4
1306.8000000000	n/a	653400	encoding: 7R	n/a	n/a	270
1310.0000000000	n/a	655000	delay period: 7R	n/a	n/a	370
1316.6000000000	n/a	658300	probe: 7R	n/a	n/a	70
1318.7420000000	n/a	659371	Response: 7R: correct	n/a	n/a	4701
1323.2000000000	n/a	661600	start of the trial	n/a	n/a	500
1323.5000000000	n/a	661750	start of the baseline period: Retention of 7 letters (7R)	n/a	n/a	170
1326.7000000000	n/a	663350	presentation of the task instruction	n/a	n/a	4
1327.3000000000	n/a	663650	encoding: 7R	n/a	n/a	270
1330.5000000000	n/a	665250	delay period: 7R	n/a	n/a	370
1337.2000000000	n/a	668600	probe: 7R	n/a	n/a	70
1340.1680000000	n/a	670084	Response: 7R: correct	n/a	n/a	4701
1343.5000000000	n/a	671750	start of the trial	n/a	n/a	500
1343.8000000000	n/a	671900	start of the baseline period: Retention of 7 letters (7R)	n/a	n/a	170
1347.0000000000	n/a	673500	presentation of the task instruction	n/a	n/a	4
1347.6000000000	n/a	673800	encoding: 7R	n/a	n/a	270
1350.8000000000	n/a	675400	delay period: 7R	n/a	n/a	370
1357.4000000000	n/a	678700	probe: 7R	n/a	n/a	70
1362.1840000000	n/a	681092	Response: 7R: error	n/a	n/a	4700
1363.5000000000	n/a	681750	start of the trial	n/a	n/a	500
1363.9000000000	n/a	681950	start of the baseline period: Retention of 7 letters (7R)	n/a	n/a	170
1367.0000000000	n/a	683500	presentation of the task instruction	n/a	n/a	4
1367.7000000000	n/a	683850	encoding: 7R	n/a	n/a	270
1370.8000000000	n/a	685400	delay period: 7R	n/a	n/a	370
1377.5000000000	n/a	688750	probe: 7R	n/a	n/a	70
1380.1320000000	n/a	690066	Response: 7R: correct	n/a	n/a	4701
1383.9000000000	n/a	691950	start of the trial	n/a	n/a	500
1384.2000000000	n/a	692100	start of the baseline period: Retention of 7 letters (7R)	n/a	n/a	170
1387.4000000000	n/a	693700	presentation of the task instruction	n/a	n/a	4
1388.0000000000	n/a	694000	encoding: 7R	n/a	n/a	270
1391.2000000000	n/a	695600	delay period: 7R	n/a	n/a	370
1397.8000000000	n/a	698900	probe: 7R	n/a	n/a	70
1400.7540000000	n/a	700377	Response: 7R: correct	n/a	n/a	4701
1404.4000000000	n/a	702200	start of the trial	n/a	n/a	500
1404.8000000000	n/a	702400	start of the baseline period: Retention of 7 letters (7R)	n/a	n/a	170
1407.9000000000	n/a	703950	presentation of the task instruction	n/a	n/a	4
1408.6000000000	n/a	704300	encoding: 7R	n/a	n/a	270
1411.7000000000	n/a	705850	delay period: 7R	n/a	n/a	370
1418.4000000000	n/a	709200	probe: 7R	n/a	n/a	70
1421.9380000000	n/a	710969	Response: 7R: correct	n/a	n/a	4701
1424.5000000000	n/a	712250	start of the trial	n/a	n/a	500
1424.9000000000	n/a	712450	start of the baseline period: Retention of 7 letters (7R)	n/a	n/a	170
1428.0000000000	n/a	714000	presentation of the task instruction	n/a	n/a	4
1428.7000000000	n/a	714350	encoding: 7R	n/a	n/a	270
1431.8000000000	n/a	715900	delay period: 7R	n/a	n/a	370
1438.5000000000	n/a	719250	probe: 7R	n/a	n/a	70
1441.4480000000	n/a	720724	Response: 7R: correct	n/a	n/a	4701
1444.7000000000	n/a	722350	start of the trial	n/a	n/a	500
1445.1000000000	n/a	722550	start of the baseline period: Retention of 7 letters (7R)	n/a	n/a	170
1448.2000000000	n/a	724100	presentation of the task instruction	n/a	n/a	4
1448.9000000000	n/a	724450	encoding: 7R	n/a	n/a	270
1452.0000000000	n/a	726000	delay period: 7R	n/a	n/a	370
1458.7000000000	n/a	729350	probe: 7R	n/a	n/a	70
1464.4660000000	n/a	732233	Response: 7R: correct	n/a	n/a	4701
1465.1000000000	n/a	732550	start of the trial	n/a	n/a	500
1465.4000000000	n/a	732700	start of the baseline period: Retention of 7 letters (7R)	n/a	n/a	170
1468.6000000000	n/a	734300	presentation of the task instruction	n/a	n/a	4
1469.2000000000	n/a	734600	encoding: 7R	n/a	n/a	270
1472.3000000000	n/a	736150	delay period: 7R	n/a	n/a	370
1479.0000000000	n/a	739500	probe: 7R	n/a	n/a	70
1482.0700000000	n/a	741035	Response: 7R: correct	n/a	n/a	4701
1485.5000000000	n/a	742750	start of the trial	n/a	n/a	500
1485.8000000000	n/a	742900	start of the baseline period: Retention of 7 letters (7R)	n/a	n/a	170
1489.0000000000	n/a	744500	presentation of the task instruction	n/a	n/a	4
1489.6000000000	n/a	744800	encoding: 7R	n/a	n/a	270
1492.8000000000	n/a	746400	delay period: 7R	n/a	n/a	370
1499.4000000000	n/a	749700	probe: 7R	n/a	n/a	70
1502.7020000000	n/a	751351	Response: 7R: correct	n/a	n/a	4701
1505.7000000000	n/a	752850	start of the trial	n/a	n/a	500
1506.0000000000	n/a	753000	start of the baseline period: Retention of 7 letters (7R)	n/a	n/a	170
1509.2000000000	n/a	754600	presentation of the task instruction	n/a	n/a	4
1509.8000000000	n/a	754900	encoding: 7R	n/a	n/a	270
1513.0000000000	n/a	756500	delay period: 7R	n/a	n/a	370
1519.6000000000	n/a	759800	probe: 7R	n/a	n/a	70
1523.5840000000	n/a	761792	Response: 7R: correct	n/a	n/a	4701
1525.7000000000	n/a	762850	start of the trial	n/a	n/a	500
1526.1000000000	n/a	763050	start of the baseline period: Retention of 7 letters (7R)	n/a	n/a	170
1529.3000000000	n/a	764650	presentation of the task instruction	n/a	n/a	4
1529.9000000000	n/a	764950	encoding: 7R	n/a	n/a	270
1533.1000000000	n/a	766550	delay period: 7R	n/a	n/a	370
1539.7000000000	n/a	769850	probe: 7R	n/a	n/a	70
1543.0960000000	n/a	771548	Response: 7R: correct	n/a	n/a	4701
1546.3000000000	n/a	773150	start of the trial	n/a	n/a	500
1546.7000000000	n/a	773350	start of the baseline period: Retention of 7 letters (7R)	n/a	n/a	170
1549.8000000000	n/a	774900	presentation of the task instruction	n/a	n/a	4
1550.5000000000	n/a	775250	encoding: 7R	n/a	n/a	270
1553.6000000000	n/a	776800	delay period: 7R	n/a	n/a	370
1560.3000000000	n/a	780150	probe: 7R	n/a	n/a	70
1563.8660000000	n/a	781933	Response: 7R: correct	n/a	n/a	4701
1566.8000000000	n/a	783400	start of the trial	n/a	n/a	500
1567.1000000000	n/a	783550	start of the baseline period: Retention of 7 letters (7R)	n/a	n/a	170
1570.3000000000	n/a	785150	presentation of the task instruction	n/a	n/a	4
1570.9000000000	n/a	785450	encoding: 7R	n/a	n/a	270
1574.1000000000	n/a	787050	delay period: 7R	n/a	n/a	370
1580.8000000000	n/a	790400	probe: 7R	n/a	n/a	70
1582.2560000000	n/a	791128	Response: 7R: correct	n/a	n/a	4701
1587.2000000000	n/a	793600	start of the trial	n/a	n/a	500
1587.6000000000	n/a	793800	start of the baseline period: Retention of 7 letters (7R)	n/a	n/a	170
1590.7000000000	n/a	795350	presentation of the task instruction	n/a	n/a	4
1591.4000000000	n/a	795700	encoding: 7R	n/a	n/a	270
1594.5000000000	n/a	797250	delay period: 7R	n/a	n/a	370
1601.2000000000	n/a	800600	probe: 7R	n/a	n/a	70
1604.0020000000	n/a	802001	Response: 7R: correct	n/a	n/a	4701
1607.5000000000	n/a	803750	start of the trial	n/a	n/a	500
1607.8000000000	n/a	803900	start of the baseline period: Retention of 7 letters (7R)	n/a	n/a	170
1611.0000000000	n/a	805500	presentation of the task instruction	n/a	n/a	4
1611.6000000000	n/a	805800	encoding: 7R	n/a	n/a	270
1614.8000000000	n/a	807400	delay period: 7R	n/a	n/a	370
1621.5000000000	n/a	810750	probe: 7R	n/a	n/a	70
1626.9440000000	n/a	813472	Response: 7R: correct	n/a	n/a	4701
1627.8000000000	n/a	813900	start of the trial	n/a	n/a	500
1628.2000000000	n/a	814100	start of the baseline period: Retention of 7 letters (7R)	n/a	n/a	170
1631.4000000000	n/a	815700	presentation of the task instruction	n/a	n/a	4
1632.0000000000	n/a	816000	encoding: 7R	n/a	n/a	270
1635.2000000000	n/a	817600	delay period: 7R	n/a	n/a	370
1641.8000000000	n/a	820900	probe: 7R	n/a	n/a	70
1644.0540000000	n/a	822027	Response: 7R: error	n/a	n/a	4700
1646.6500000000	n/a	823325	Response: 7R: correct	n/a	n/a	4701
1648.3000000000	n/a	824150	start of the trial	n/a	n/a	500
1648.6000000000	n/a	824300	start of the baseline period: Retention of 7 letters (7R)	n/a	n/a	170
1651.8000000000	n/a	825900	presentation of the task instruction	n/a	n/a	4
1652.4000000000	n/a	826200	encoding: 7R	n/a	n/a	270
1655.6000000000	n/a	827800	delay period: 7R	n/a	n/a	370
1662.2000000000	n/a	831100	probe: 7R	n/a	n/a	70
1664.2740000000	n/a	832137	Response: 7R: error	n/a	n/a	4700
1666.9720000000	n/a	833486	Response: 7R: correct	n/a	n/a	4701
1668.6000000000	n/a	834300	start of the trial	n/a	n/a	500
1669.0000000000	n/a	834500	start of the baseline period: Retention of 6 letters (6R)	n/a	n/a	160
1672.2000000000	n/a	836100	presentation of the task instruction	n/a	n/a	4
1672.8000000000	n/a	836400	encoding: 6R	n/a	n/a	260
1676.0000000000	n/a	838000	delay period: 6R	n/a	n/a	360
1682.6000000000	n/a	841300	probe: 6R	n/a	n/a	60
1685.7060000000	n/a	842853	Response: 6R: correct	n/a	n/a	4601
1689.1000000000	n/a	844550	start of the trial	n/a	n/a	500
1689.5000000000	n/a	844750	start of the baseline period: Retention of 6 letters (6R)	n/a	n/a	160
1692.6000000000	n/a	846300	presentation of the task instruction	n/a	n/a	4
1693.3000000000	n/a	846650	encoding: 6R	n/a	n/a	260
1696.4000000000	n/a	848200	delay period: 6R	n/a	n/a	360
1703.1000000000	n/a	851550	probe: 6R	n/a	n/a	60
1708.8560000000	n/a	854428	Response: 6R: correct	n/a	n/a	4601
1709.3000000000	n/a	854650	start of the trial	n/a	n/a	500
1709.7000000000	n/a	854850	start of the baseline period: Retention of 6 letters (6R)	n/a	n/a	160
1712.8000000000	n/a	856400	presentation of the task instruction	n/a	n/a	4
1713.5000000000	n/a	856750	encoding: 6R	n/a	n/a	260
1716.7000000000	n/a	858350	delay period: 6R	n/a	n/a	360
1723.3000000000	n/a	861650	probe: 6R	n/a	n/a	60
1726.6600000000	n/a	863330	Response: 6R: correct	n/a	n/a	4601
1729.7000000000	n/a	864850	start of the trial	n/a	n/a	500
1730.1000000000	n/a	865050	start of the baseline period: Retention of 6 letters (6R)	n/a	n/a	160
1733.2000000000	n/a	866600	presentation of the task instruction	n/a	n/a	4
1733.9000000000	n/a	866950	encoding: 6R	n/a	n/a	260
1737.1000000000	n/a	868550	delay period: 6R	n/a	n/a	360
1743.7000000000	n/a	871850	probe: 6R	n/a	n/a	60
1745.2560000000	n/a	872628	Response: 6R: correct	n/a	n/a	4601
1750.0000000000	n/a	875000	start of the trial	n/a	n/a	500
1750.4000000000	n/a	875200	start of the baseline period: Retention of 6 letters (6R)	n/a	n/a	160
1753.5000000000	n/a	876750	presentation of the task instruction	n/a	n/a	4
1754.2000000000	n/a	877100	encoding: 6R	n/a	n/a	260
1757.4000000000	n/a	878700	delay period: 6R	n/a	n/a	360
1764.0000000000	n/a	882000	probe: 6R	n/a	n/a	60
1770.1860000000	n/a	885093	Response: 6R: correct	n/a	n/a	4601
1770.6000000000	n/a	885300	start of the trial	n/a	n/a	500
1771.0000000000	n/a	885500	start of the baseline period: Retention of 6 letters (6R)	n/a	n/a	160
1774.1000000000	n/a	887050	presentation of the task instruction	n/a	n/a	4
1774.8000000000	n/a	887400	encoding: 6R	n/a	n/a	260
1777.9000000000	n/a	888950	delay period: 6R	n/a	n/a	360
1784.6000000000	n/a	892300	probe: 6R	n/a	n/a	60
1785.6620000000	n/a	892831	Response: 6R: error	n/a	n/a	4600
1791.2000000000	n/a	895600	start of the trial	n/a	n/a	500
1791.5000000000	n/a	895750	start of the baseline period: Retention of 6 letters (6R)	n/a	n/a	160
1794.7000000000	n/a	897350	presentation of the task instruction	n/a	n/a	4
1795.3000000000	n/a	897650	encoding: 6R	n/a	n/a	260
1798.5000000000	n/a	899250	delay period: 6R	n/a	n/a	360
1805.1000000000	n/a	902550	probe: 6R	n/a	n/a	60
1811.7000000000	n/a	905850	start of the trial	n/a	n/a	500
1812.0020000000	n/a	906001	Response: 6R: correct	n/a	n/a	4601
1812.1000000000	n/a	906050	start of the baseline period: Retention of 6 letters (6R)	n/a	n/a	160
1815.2000000000	n/a	907600	presentation of the task instruction	n/a	n/a	4
1815.9000000000	n/a	907950	encoding: 6R	n/a	n/a	260
1819.0000000000	n/a	909500	delay period: 6R	n/a	n/a	360
1825.7000000000	n/a	912850	probe: 6R	n/a	n/a	60
1828.7700000000	n/a	914385	Response: 6R: correct	n/a	n/a	4601
1832.0000000000	n/a	916000	start of the trial	n/a	n/a	500
1832.3000000000	n/a	916150	start of the baseline period: Retention of 6 letters (6R)	n/a	n/a	160
1835.5000000000	n/a	917750	presentation of the task instruction	n/a	n/a	4
1836.1000000000	n/a	918050	encoding: 6R	n/a	n/a	260
1839.3000000000	n/a	919650	delay period: 6R	n/a	n/a	360
1845.9000000000	n/a	922950	probe: 6R	n/a	n/a	60
1847.4860000000	n/a	923743	Response: 6R: correct	n/a	n/a	4601
1852.1000000000	n/a	926050	start of the trial	n/a	n/a	500
1852.5000000000	n/a	926250	start of the baseline period: Retention of 6 letters (6R)	n/a	n/a	160
1855.6000000000	n/a	927800	presentation of the task instruction	n/a	n/a	4
1856.2000000000	n/a	928100	encoding: 6R	n/a	n/a	260
1859.4000000000	n/a	929700	delay period: 6R	n/a	n/a	360
1866.0000000000	n/a	933000	probe: 6R	n/a	n/a	60
1868.8940000000	n/a	934447	Response: 6R: correct	n/a	n/a	4601
1872.4000000000	n/a	936200	start of the trial	n/a	n/a	500
1872.8000000000	n/a	936400	start of the baseline period: Retention of 6 letters (6R)	n/a	n/a	160
1875.9000000000	n/a	937950	presentation of the task instruction	n/a	n/a	4
1876.6000000000	n/a	938300	encoding: 6R	n/a	n/a	260
1879.8000000000	n/a	939900	delay period: 6R	n/a	n/a	360
1886.4000000000	n/a	943200	probe: 6R	n/a	n/a	60
1887.7940000000	n/a	943897	Response: 6R: correct	n/a	n/a	4601
1893.0000000000	n/a	946500	start of the trial	n/a	n/a	500
1893.3000000000	n/a	946650	start of the baseline period: Retention of 6 letters (6R)	n/a	n/a	160
1896.5000000000	n/a	948250	presentation of the task instruction	n/a	n/a	4
1897.1000000000	n/a	948550	encoding: 6R	n/a	n/a	260
1900.3000000000	n/a	950150	delay period: 6R	n/a	n/a	360
1906.9000000000	n/a	953450	probe: 6R	n/a	n/a	60
1909.2080000000	n/a	954604	Response: 6R: correct	n/a	n/a	4601
1913.1000000000	n/a	956550	start of the trial	n/a	n/a	500
1913.5000000000	n/a	956750	start of the baseline period: Retention of 6 letters (6R)	n/a	n/a	160
1916.6000000000	n/a	958300	presentation of the task instruction	n/a	n/a	4
1917.3000000000	n/a	958650	encoding: 6R	n/a	n/a	260
1920.4000000000	n/a	960200	delay period: 6R	n/a	n/a	360
1927.1000000000	n/a	963550	probe: 6R	n/a	n/a	60
1930.5140000000	n/a	965257	Response: 6R: correct	n/a	n/a	4601
1933.4000000000	n/a	966700	start of the trial	n/a	n/a	500
1933.8000000000	n/a	966900	start of the baseline period: Retention of 6 letters (6R)	n/a	n/a	160
1936.9000000000	n/a	968450	presentation of the task instruction	n/a	n/a	4
1937.6000000000	n/a	968800	encoding: 6R	n/a	n/a	260
1940.7000000000	n/a	970350	delay period: 6R	n/a	n/a	360
1947.4000000000	n/a	973700	probe: 6R	n/a	n/a	60
1948.5920000000	n/a	974296	Response: 6R: correct	n/a	n/a	4601
1953.8000000000	n/a	976900	start of the trial	n/a	n/a	500
1954.2000000000	n/a	977100	start of the baseline period: Retention of 6 letters (6R)	n/a	n/a	160
1957.4000000000	n/a	978700	presentation of the task instruction	n/a	n/a	4
1958.0000000000	n/a	979000	encoding: 6R	n/a	n/a	260
1961.2000000000	n/a	980600	delay period: 6R	n/a	n/a	360
1967.8000000000	n/a	983900	probe: 6R	n/a	n/a	60
1970.9780000000	n/a	985489	Response: 6R: correct	n/a	n/a	4601
1974.4000000000	n/a	987200	start of the trial	n/a	n/a	500
1974.8000000000	n/a	987400	start of the baseline period: Retention of 6 letters (6R)	n/a	n/a	160
1977.9000000000	n/a	988950	presentation of the task instruction	n/a	n/a	4
1978.6000000000	n/a	989300	encoding: 6R	n/a	n/a	260
1981.7000000000	n/a	990850	delay period: 6R	n/a	n/a	360
1988.4000000000	n/a	994200	probe: 6R	n/a	n/a	60
1990.7120000000	n/a	995356	Response: 6R: correct	n/a	n/a	4601
1994.7000000000	n/a	997350	start of the trial	n/a	n/a	500
1995.1000000000	n/a	997550	start of the baseline period: Retention of 6 letters (6R)	n/a	n/a	160
1998.2000000000	n/a	999100	presentation of the task instruction	n/a	n/a	4
1998.9000000000	n/a	999450	encoding: 6R	n/a	n/a	260
2002.0000000000	n/a	1001000	delay period: 6R	n/a	n/a	360
2008.7000000000	n/a	1004350	probe: 6R	n/a	n/a	60
2010.4080000000	n/a	1005204	Response: 6R: correct	n/a	n/a	4601
2015.2000000000	n/a	1007600	start of the trial	n/a	n/a	500
2015.5000000000	n/a	1007750	start of the baseline period: Retention of 6 letters (6R)	n/a	n/a	160
2018.7000000000	n/a	1009350	presentation of the task instruction	n/a	n/a	4
2019.3000000000	n/a	1009650	encoding: 6R	n/a	n/a	260
2022.5000000000	n/a	1011250	delay period: 6R	n/a	n/a	360
2029.1000000000	n/a	1014550	probe: 6R	n/a	n/a	60
2032.9320000000	n/a	1016466	Response: 6R: correct	n/a	n/a	4601
2035.5000000000	n/a	1017750	start of the trial	n/a	n/a	500
2035.9000000000	n/a	1017950	start of the baseline period: Retention of 6 letters (6R)	n/a	n/a	160
2039.1000000000	n/a	1019550	presentation of the task instruction	n/a	n/a	4
2039.7000000000	n/a	1019850	encoding: 6R	n/a	n/a	260
2042.9000000000	n/a	1021450	delay period: 6R	n/a	n/a	360
2049.5000000000	n/a	1024750	probe: 6R	n/a	n/a	60
2051.5580000000	n/a	1025779	Response: 6R: correct	n/a	n/a	4601
2056.1000000000	n/a	1028050	start of the trial	n/a	n/a	500
2056.5000000000	n/a	1028250	start of the baseline period: Retention of 6 letters (6R)	n/a	n/a	160
2059.6000000000	n/a	1029800	presentation of the task instruction	n/a	n/a	4
2060.3000000000	n/a	1030150	encoding: 6R	n/a	n/a	260
2063.4000000000	n/a	1031700	delay period: 6R	n/a	n/a	360
2070.1000000000	n/a	1035050	probe: 6R	n/a	n/a	60
2072.2300000000	n/a	1036115	Response: 6R: error	n/a	n/a	4600
2076.6000000000	n/a	1038300	start of the trial	n/a	n/a	500
2076.9000000000	n/a	1038450	start of the baseline period: Manipulation with 7 letters (7M)	n/a	n/a	171
2080.1000000000	n/a	1040050	presentation of the task instruction	n/a	n/a	4
2080.7000000000	n/a	1040350	encoding: 7M	n/a	n/a	271
2083.9000000000	n/a	1041950	delay period: 7M	n/a	n/a	371
2090.5000000000	n/a	1045250	probe: 7M	n/a	n/a	71
2093.2680000000	n/a	1046634	Response: 7M: correct	n/a	n/a	4711
2096.8000000000	n/a	1048400	start of the trial	n/a	n/a	500
2097.2000000000	n/a	1048600	start of the baseline period: Manipulation with 7 letters (7M)	n/a	n/a	171
2100.3000000000	n/a	1050150	presentation of the task instruction	n/a	n/a	4
2101.0000000000	n/a	1050500	encoding: 7M	n/a	n/a	271
2104.1000000000	n/a	1052050	delay period: 7M	n/a	n/a	371
2110.8000000000	n/a	1055400	probe: 7M	n/a	n/a	71
2113.4200000000	n/a	1056710	Response: 7M: error	n/a	n/a	4710
2115.1700000000	n/a	1057585	Response: 7M: correct	n/a	n/a	4711
2117.3000000000	n/a	1058650	start of the trial	n/a	n/a	500
2117.7000000000	n/a	1058850	start of the baseline period: Manipulation with 7 letters (7M)	n/a	n/a	171
2120.8000000000	n/a	1060400	presentation of the task instruction	n/a	n/a	4
2121.5000000000	n/a	1060750	encoding: 7M	n/a	n/a	271
2124.6000000000	n/a	1062300	delay period: 7M	n/a	n/a	371
2131.3000000000	n/a	1065650	probe: 7M	n/a	n/a	71
2134.1760000000	n/a	1067088	Response: 7M: correct	n/a	n/a	4711
2137.5000000000	n/a	1068750	start of the trial	n/a	n/a	500
2137.8000000000	n/a	1068900	start of the baseline period: Manipulation with 7 letters (7M)	n/a	n/a	171
2141.0000000000	n/a	1070500	presentation of the task instruction	n/a	n/a	4
2141.6000000000	n/a	1070800	encoding: 7M	n/a	n/a	271
2144.8000000000	n/a	1072400	delay period: 7M	n/a	n/a	371
2151.4000000000	n/a	1075700	probe: 7M	n/a	n/a	71
2155.7200000000	n/a	1077860	Response: 7M: correct	n/a	n/a	4711
2157.8000000000	n/a	1078900	start of the trial	n/a	n/a	500
2158.2000000000	n/a	1079100	start of the baseline period: Manipulation with 7 letters (7M)	n/a	n/a	171
2161.3000000000	n/a	1080650	presentation of the task instruction	n/a	n/a	4
2162.0000000000	n/a	1081000	encoding: 7M	n/a	n/a	271
2165.2000000000	n/a	1082600	delay period: 7M	n/a	n/a	371
2171.8000000000	n/a	1085900	probe: 7M	n/a	n/a	71
2175.4820000000	n/a	1087741	Response: 7M: correct	n/a	n/a	4711
2178.4000000000	n/a	1089200	start of the trial	n/a	n/a	500
2178.7000000000	n/a	1089350	start of the baseline period: Manipulation with 7 letters (7M)	n/a	n/a	171
2181.9000000000	n/a	1090950	presentation of the task instruction	n/a	n/a	4
2182.5000000000	n/a	1091250	encoding: 7M	n/a	n/a	271
2185.7000000000	n/a	1092850	delay period: 7M	n/a	n/a	371
2192.3000000000	n/a	1096150	probe: 7M	n/a	n/a	71
2194.0980000000	n/a	1097049	Response: 7M: correct	n/a	n/a	4711
2198.8000000000	n/a	1099400	start of the trial	n/a	n/a	500
2199.2000000000	n/a	1099600	start of the baseline period: Manipulation with 7 letters (7M)	n/a	n/a	171
2202.3000000000	n/a	1101150	presentation of the task instruction	n/a	n/a	4
2203.0000000000	n/a	1101500	encoding: 7M	n/a	n/a	271
2206.1000000000	n/a	1103050	delay period: 7M	n/a	n/a	371
2212.8000000000	n/a	1106400	probe: 7M	n/a	n/a	71
2214.9860000000	n/a	1107493	Response: 7M: correct	n/a	n/a	4711
2219.1000000000	n/a	1109550	start of the trial	n/a	n/a	500
2219.5000000000	n/a	1109750	start of the baseline period: Manipulation with 7 letters (7M)	n/a	n/a	171
2222.6000000000	n/a	1111300	presentation of the task instruction	n/a	n/a	4
2223.3000000000	n/a	1111650	encoding: 7M	n/a	n/a	271
2226.4000000000	n/a	1113200	delay period: 7M	n/a	n/a	371
2233.1000000000	n/a	1116550	probe: 7M	n/a	n/a	71
2235.7140000000	n/a	1117857	Response: 7M: error	n/a	n/a	4710
2239.4000000000	n/a	1119700	start of the trial	n/a	n/a	500
2239.8000000000	n/a	1119900	start of the baseline period: Manipulation with 7 letters (7M)	n/a	n/a	171
2242.9000000000	n/a	1121450	presentation of the task instruction	n/a	n/a	4
2243.6000000000	n/a	1121800	encoding: 7M	n/a	n/a	271
2246.7000000000	n/a	1123350	delay period: 7M	n/a	n/a	371
2253.4000000000	n/a	1126700	probe: 7M	n/a	n/a	71
2255.9640000000	n/a	1127982	Response: 7M: correct	n/a	n/a	4711
2259.5000000000	n/a	1129750	start of the trial	n/a	n/a	500
2259.9000000000	n/a	1129950	start of the baseline period: Manipulation with 7 letters (7M)	n/a	n/a	171
2263.0000000000	n/a	1131500	presentation of the task instruction	n/a	n/a	4
2263.7000000000	n/a	1131850	encoding: 7M	n/a	n/a	271
2266.8000000000	n/a	1133400	delay period: 7M	n/a	n/a	371
2273.5000000000	n/a	1136750	probe: 7M	n/a	n/a	71
2275.1180000000	n/a	1137559	Response: 7M: correct	n/a	n/a	4711
2279.9000000000	n/a	1139950	start of the trial	n/a	n/a	500
2280.2000000000	n/a	1140100	start of the baseline period: Manipulation with 7 letters (7M)	n/a	n/a	171
2283.4000000000	n/a	1141700	presentation of the task instruction	n/a	n/a	4
2284.0000000000	n/a	1142000	encoding: 7M	n/a	n/a	271
2287.2000000000	n/a	1143600	delay period: 7M	n/a	n/a	371
2293.8000000000	n/a	1146900	probe: 7M	n/a	n/a	71
2296.5660000000	n/a	1148283	Response: 7M: error	n/a	n/a	4710
2300.4000000000	n/a	1150200	start of the trial	n/a	n/a	500
2300.7000000000	n/a	1150350	start of the baseline period: Manipulation with 7 letters (7M)	n/a	n/a	171
2303.9000000000	n/a	1151950	presentation of the task instruction	n/a	n/a	4
2304.5000000000	n/a	1152250	encoding: 7M	n/a	n/a	271
2307.7000000000	n/a	1153850	delay period: 7M	n/a	n/a	371
2314.4000000000	n/a	1157200	probe: 7M	n/a	n/a	71
2318.3760000000	n/a	1159188	Response: 7M: error	n/a	n/a	4710
2320.8000000000	n/a	1160400	start of the trial	n/a	n/a	500
2321.1000000000	n/a	1160550	start of the baseline period: Manipulation with 7 letters (7M)	n/a	n/a	171
2324.3000000000	n/a	1162150	presentation of the task instruction	n/a	n/a	4
2324.9000000000	n/a	1162450	encoding: 7M	n/a	n/a	271
2328.1000000000	n/a	1164050	delay period: 7M	n/a	n/a	371
2334.7000000000	n/a	1167350	probe: 7M	n/a	n/a	71
2338.5100000000	n/a	1169255	Response: 7M: correct	n/a	n/a	4711
2341.0000000000	n/a	1170500	start of the trial	n/a	n/a	500
2341.3000000000	n/a	1170650	start of the baseline period: Manipulation with 7 letters (7M)	n/a	n/a	171
2344.5000000000	n/a	1172250	presentation of the task instruction	n/a	n/a	4
2345.1000000000	n/a	1172550	encoding: 7M	n/a	n/a	271
2348.3000000000	n/a	1174150	delay period: 7M	n/a	n/a	371
2355.0000000000	n/a	1177500	probe: 7M	n/a	n/a	71
2360.3740000000	n/a	1180187	Response: 7M: error	n/a	n/a	4710
2361.1000000000	n/a	1180550	start of the trial	n/a	n/a	500
2361.5000000000	n/a	1180750	start of the baseline period: Manipulation with 7 letters (7M)	n/a	n/a	171
2364.6000000000	n/a	1182300	presentation of the task instruction	n/a	n/a	4
2365.2000000000	n/a	1182600	encoding: 7M	n/a	n/a	271
2368.4000000000	n/a	1184200	delay period: 7M	n/a	n/a	371
2375.1000000000	n/a	1187550	probe: 7M	n/a	n/a	71
2377.5300000000	n/a	1188765	Response: 7M: correct	n/a	n/a	4711
2381.5000000000	n/a	1190750	start of the trial	n/a	n/a	500
2381.8000000000	n/a	1190900	start of the baseline period: Manipulation with 7 letters (7M)	n/a	n/a	171
2385.0000000000	n/a	1192500	presentation of the task instruction	n/a	n/a	4
2385.7000000000	n/a	1192850	encoding: 7M	n/a	n/a	271
2388.8000000000	n/a	1194400	delay period: 7M	n/a	n/a	371
2395.5000000000	n/a	1197750	probe: 7M	n/a	n/a	71
2398.7840000000	n/a	1199392	Response: 7M: error	n/a	n/a	4710
2402.1000000000	n/a	1201050	start of the trial	n/a	n/a	500
2402.4000000000	n/a	1201200	start of the baseline period: Manipulation with 7 letters (7M)	n/a	n/a	171
2405.6000000000	n/a	1202800	presentation of the task instruction	n/a	n/a	4
2406.2000000000	n/a	1203100	encoding: 7M	n/a	n/a	271
2409.4000000000	n/a	1204700	delay period: 7M	n/a	n/a	371
2416.0000000000	n/a	1208000	probe: 7M	n/a	n/a	71
2419.0280000000	n/a	1209514	Response: 7M: error	n/a	n/a	4710
2422.3000000000	n/a	1211150	start of the trial	n/a	n/a	500
2422.6000000000	n/a	1211300	start of the baseline period: Manipulation with 7 letters (7M)	n/a	n/a	171
2425.8000000000	n/a	1212900	presentation of the task instruction	n/a	n/a	4
2426.4000000000	n/a	1213200	encoding: 7M	n/a	n/a	271
2429.6000000000	n/a	1214800	delay period: 7M	n/a	n/a	371
2436.3000000000	n/a	1218150	probe: 7M	n/a	n/a	71
2438.6400000000	n/a	1219320	Response: 7M: correct	n/a	n/a	4711
2442.8000000000	n/a	1221400	start of the trial	n/a	n/a	500
2443.1000000000	n/a	1221550	start of the baseline period: Manipulation with 7 letters (7M)	n/a	n/a	171
2446.3000000000	n/a	1223150	presentation of the task instruction	n/a	n/a	4
2446.9000000000	n/a	1223450	encoding: 7M	n/a	n/a	271
2450.1000000000	n/a	1225050	delay period: 7M	n/a	n/a	371
2456.8000000000	n/a	1228400	probe: 7M	n/a	n/a	71
2460.4300000000	n/a	1230215	Response: 7M: correct	n/a	n/a	4711
2463.2000000000	n/a	1231600	start of the trial	n/a	n/a	500
2463.6000000000	n/a	1231800	start of the baseline period: Manipulation with 7 letters (7M)	n/a	n/a	171
2466.8000000000	n/a	1233400	presentation of the task instruction	n/a	n/a	4
2467.4000000000	n/a	1233700	encoding: 7M	n/a	n/a	271
2470.5000000000	n/a	1235250	delay period: 7M	n/a	n/a	371
2477.2000000000	n/a	1238600	probe: 7M	n/a	n/a	71
2480.8880000000	n/a	1240444	Response: 7M: error	n/a	n/a	4710
2483.4000000000	n/a	1241700	start of the trial	n/a	n/a	500
2483.7000000000	n/a	1241850	start of the baseline period: Manipulation with 6 letters (6M)	n/a	n/a	161
2486.9000000000	n/a	1243450	presentation of the task instruction	n/a	n/a	4
2487.5000000000	n/a	1243750	encoding: 6M	n/a	n/a	261
2490.7000000000	n/a	1245350	delay period: 6M	n/a	n/a	361
2497.3000000000	n/a	1248650	probe: 6M	n/a	n/a	61
2500.9840000000	n/a	1250492	Response: 6M: correct	n/a	n/a	4611
2503.9000000000	n/a	1251950	start of the trial	n/a	n/a	500
2504.2000000000	n/a	1252100	start of the baseline period: Manipulation with 6 letters (6M)	n/a	n/a	161
2507.4000000000	n/a	1253700	presentation of the task instruction	n/a	n/a	4
2508.0000000000	n/a	1254000	encoding: 6M	n/a	n/a	261
2511.2000000000	n/a	1255600	delay period: 6M	n/a	n/a	361
2517.9000000000	n/a	1258950	probe: 6M	n/a	n/a	61
2520.9680000000	n/a	1260484	Response: 6M: error	n/a	n/a	4610
2524.0000000000	n/a	1262000	start of the trial	n/a	n/a	500
2524.3000000000	n/a	1262150	start of the baseline period: Manipulation with 6 letters (6M)	n/a	n/a	161
2527.5000000000	n/a	1263750	presentation of the task instruction	n/a	n/a	4
2528.1000000000	n/a	1264050	encoding: 6M	n/a	n/a	261
2531.3000000000	n/a	1265650	delay period: 6M	n/a	n/a	361
2537.9000000000	n/a	1268950	probe: 6M	n/a	n/a	61
2540.7040000000	n/a	1270352	Response: 6M: error	n/a	n/a	4610
2543.1720000000	n/a	1271586	Response: 6M: correct	n/a	n/a	4611
2544.3000000000	n/a	1272150	start of the trial	n/a	n/a	500
2544.6000000000	n/a	1272300	start of the baseline period: Manipulation with 6 letters (6M)	n/a	n/a	161
2547.8000000000	n/a	1273900	presentation of the task instruction	n/a	n/a	4
2548.4000000000	n/a	1274200	encoding: 6M	n/a	n/a	261
2551.6000000000	n/a	1275800	delay period: 6M	n/a	n/a	361
2558.3000000000	n/a	1279150	probe: 6M	n/a	n/a	61
2561.1780000000	n/a	1280589	Response: 6M: correct	n/a	n/a	4611
2564.5000000000	n/a	1282250	start of the trial	n/a	n/a	500
2564.8000000000	n/a	1282400	start of the baseline period: Manipulation with 6 letters (6M)	n/a	n/a	161
2568.0000000000	n/a	1284000	presentation of the task instruction	n/a	n/a	4
2568.7000000000	n/a	1284350	encoding: 6M	n/a	n/a	261
2571.8000000000	n/a	1285900	delay period: 6M	n/a	n/a	361
2578.5000000000	n/a	1289250	probe: 6M	n/a	n/a	61
2583.3900000000	n/a	1291695	Response: 6M: correct	n/a	n/a	4611
2585.0000000000	n/a	1292500	start of the trial	n/a	n/a	500
2585.3000000000	n/a	1292650	start of the baseline period: Manipulation with 6 letters (6M)	n/a	n/a	161
2588.5000000000	n/a	1294250	presentation of the task instruction	n/a	n/a	4
2589.1000000000	n/a	1294550	encoding: 6M	n/a	n/a	261
2592.3000000000	n/a	1296150	delay period: 6M	n/a	n/a	361
2598.9000000000	n/a	1299450	probe: 6M	n/a	n/a	61
2603.5660000000	n/a	1301783	Response: 6M: error	n/a	n/a	4610
2605.1000000000	n/a	1302550	start of the trial	n/a	n/a	500
2605.5000000000	n/a	1302750	start of the baseline period: Manipulation with 6 letters (6M)	n/a	n/a	161
2608.6000000000	n/a	1304300	presentation of the task instruction	n/a	n/a	4
2609.3000000000	n/a	1304650	encoding: 6M	n/a	n/a	261
2612.5000000000	n/a	1306250	delay period: 6M	n/a	n/a	361
2619.1000000000	n/a	1309550	probe: 6M	n/a	n/a	61
2623.5320000000	n/a	1311766	Response: 6M: correct	n/a	n/a	4611
2625.3000000000	n/a	1312650	start of the trial	n/a	n/a	500
2625.7000000000	n/a	1312850	start of the baseline period: Manipulation with 6 letters (6M)	n/a	n/a	161
2628.8000000000	n/a	1314400	presentation of the task instruction	n/a	n/a	4
2629.5000000000	n/a	1314750	encoding: 6M	n/a	n/a	261
2632.7000000000	n/a	1316350	delay period: 6M	n/a	n/a	361
2639.3000000000	n/a	1319650	probe: 6M	n/a	n/a	61
2642.3700000000	n/a	1321185	Response: 6M: error	n/a	n/a	4610
2645.5000000000	n/a	1322750	start of the trial	n/a	n/a	500
2645.9000000000	n/a	1322950	start of the baseline period: Manipulation with 6 letters (6M)	n/a	n/a	161
2649.0000000000	n/a	1324500	presentation of the task instruction	n/a	n/a	4
2649.7000000000	n/a	1324850	encoding: 6M	n/a	n/a	261
2652.8000000000	n/a	1326400	delay period: 6M	n/a	n/a	361
2659.5000000000	n/a	1329750	probe: 6M	n/a	n/a	61
2661.1660000000	n/a	1330583	Response: 6M: error	n/a	n/a	4610
2665.7000000000	n/a	1332850	start of the trial	n/a	n/a	500
2666.0000000000	n/a	1333000	start of the baseline period: Manipulation with 6 letters (6M)	n/a	n/a	161
2669.2000000000	n/a	1334600	presentation of the task instruction	n/a	n/a	4
2669.8000000000	n/a	1334900	encoding: 6M	n/a	n/a	261
2673.0000000000	n/a	1336500	delay period: 6M	n/a	n/a	361
2679.6000000000	n/a	1339800	probe: 6M	n/a	n/a	61
2682.4180000000	n/a	1341209	Response: 6M: error	n/a	n/a	4610
2685.9000000000	n/a	1342950	start of the trial	n/a	n/a	500
2686.2000000000	n/a	1343100	start of the baseline period: Manipulation with 6 letters (6M)	n/a	n/a	161
2689.4000000000	n/a	1344700	presentation of the task instruction	n/a	n/a	4
2690.0000000000	n/a	1345000	encoding: 6M	n/a	n/a	261
2693.2000000000	n/a	1346600	delay period: 6M	n/a	n/a	361
2699.8000000000	n/a	1349900	probe: 6M	n/a	n/a	61
2702.7940000000	n/a	1351397	Response: 6M: error	n/a	n/a	4610
2706.1000000000	n/a	1353050	start of the trial	n/a	n/a	500
2706.1880000000	n/a	1353094	Response: 6M: correct	n/a	n/a	4611
2706.4000000000	n/a	1353200	start of the baseline period: Manipulation with 6 letters (6M)	n/a	n/a	161
2709.6000000000	n/a	1354800	presentation of the task instruction	n/a	n/a	4
2710.2000000000	n/a	1355100	encoding: 6M	n/a	n/a	261
2713.4000000000	n/a	1356700	delay period: 6M	n/a	n/a	361
2720.0000000000	n/a	1360000	probe: 6M	n/a	n/a	61
2721.0220000000	n/a	1360511	Response: 6M: correct	n/a	n/a	4611
2726.4000000000	n/a	1363200	start of the trial	n/a	n/a	500
2726.8000000000	n/a	1363400	start of the baseline period: Manipulation with 6 letters (6M)	n/a	n/a	161
2729.9000000000	n/a	1364950	presentation of the task instruction	n/a	n/a	4
2730.6000000000	n/a	1365300	encoding: 6M	n/a	n/a	261
2733.7000000000	n/a	1366850	delay period: 6M	n/a	n/a	361
2740.4000000000	n/a	1370200	probe: 6M	n/a	n/a	61
2744.1900000000	n/a	1372095	Response: 6M: correct	n/a	n/a	4611
2747.0000000000	n/a	1373500	start of the trial	n/a	n/a	500
2747.3000000000	n/a	1373650	start of the baseline period: Manipulation with 6 letters (6M)	n/a	n/a	161
2750.5000000000	n/a	1375250	presentation of the task instruction	n/a	n/a	4
2751.1000000000	n/a	1375550	encoding: 6M	n/a	n/a	261
2754.3000000000	n/a	1377150	delay period: 6M	n/a	n/a	361
2761.0000000000	n/a	1380500	probe: 6M	n/a	n/a	61
2763.7600000000	n/a	1381880	Response: 6M: error	n/a	n/a	4610
2764.5160000000	n/a	1382258	Response: 6M: correct	n/a	n/a	4611
2767.4000000000	n/a	1383700	start of the trial	n/a	n/a	500
2767.8000000000	n/a	1383900	start of the baseline period: Manipulation with 6 letters (6M)	n/a	n/a	161
2770.9000000000	n/a	1385450	presentation of the task instruction	n/a	n/a	4
2771.6000000000	n/a	1385800	encoding: 6M	n/a	n/a	261
2774.7000000000	n/a	1387350	delay period: 6M	n/a	n/a	361
2777.6120000000	n/a	1388806	STATUS	n/a	n/a	2
2781.4000000000	n/a	1390700	probe: 6M	n/a	n/a	61
2786.0920000000	n/a	1393046	Response: 6M: correct	n/a	n/a	4611
2787.8000000000	n/a	1393900	start of the trial	n/a	n/a	500
2788.2000000000	n/a	1394100	start of the baseline period: Manipulation with 6 letters (6M)	n/a	n/a	161
2791.3000000000	n/a	1395650	presentation of the task instruction	n/a	n/a	4
2792.0000000000	n/a	1396000	encoding: 6M	n/a	n/a	261
2795.1000000000	n/a	1397550	delay period: 6M	n/a	n/a	361
2801.8000000000	n/a	1400900	probe: 6M	n/a	n/a	61
2804.5500000000	n/a	1402275	Response: 6M: error	n/a	n/a	4610
2807.9000000000	n/a	1403950	start of the trial	n/a	n/a	500
2808.3000000000	n/a	1404150	start of the baseline period: Manipulation with 6 letters (6M)	n/a	n/a	161
2811.4000000000	n/a	1405700	presentation of the task instruction	n/a	n/a	4
2812.1000000000	n/a	1406050	encoding: 6M	n/a	n/a	261
2815.2000000000	n/a	1407600	delay period: 6M	n/a	n/a	361
2821.9000000000	n/a	1410950	probe: 6M	n/a	n/a	61
2824.1840000000	n/a	1412092	Response: 6M: correct	n/a	n/a	4611
2828.5000000000	n/a	1414250	start of the trial	n/a	n/a	500
2828.8000000000	n/a	1414400	start of the baseline period: Manipulation with 6 letters (6M)	n/a	n/a	161
2832.0000000000	n/a	1416000	presentation of the task instruction	n/a	n/a	4
2832.6000000000	n/a	1416300	encoding: 6M	n/a	n/a	261
2835.8000000000	n/a	1417900	delay period: 6M	n/a	n/a	361
2842.4000000000	n/a	1421200	probe: 6M	n/a	n/a	61
2844.5540000000	n/a	1422277	Response: 6M: correct	n/a	n/a	4611
2848.9000000000	n/a	1424450	start of the trial	n/a	n/a	500
2849.2000000000	n/a	1424600	start of the baseline period: Manipulation with 6 letters (6M)	n/a	n/a	161
2852.4000000000	n/a	1426200	presentation of the task instruction	n/a	n/a	4
2853.0000000000	n/a	1426500	encoding: 6M	n/a	n/a	261
2856.2000000000	n/a	1428100	delay period: 6M	n/a	n/a	361
2862.9000000000	n/a	1431450	probe: 6M	n/a	n/a	61
2864.6480000000	n/a	1432324	Response: 6M: correct	n/a	n/a	4611
2869.4000000000	n/a	1434700	start of the trial	n/a	n/a	500
2869.7000000000	n/a	1434850	start of the baseline period: Manipulation with 6 letters (6M)	n/a	n/a	161
2872.9000000000	n/a	1436450	presentation of the task instruction	n/a	n/a	4
2873.5000000000	n/a	1436750	encoding: 6M	n/a	n/a	261
2876.7000000000	n/a	1438350	delay period: 6M	n/a	n/a	361
2883.4000000000	n/a	1441700	probe: 6M	n/a	n/a	61
2886.7920000000	n/a	1443396	Response: 6M: error	n/a	n/a	4610
